{"cameraMode":{"drawMode":0,"name":"Shaded","section":"Shading Mode"},"sceneLighting":false,"audioPlay":false,"sceneViewState":{"m_AlwaysRefresh":false,"showFog":true,"showSkybox":false,"showFlares":true,"showImageEffects":true,"showParticleSystems":true,"showVisualEffectGraphs":true,"m_FxEnabled":true},"in2DMode":false,"pivot":{"x":-0.6112287044525147,"y":1.0082838535308838,"z":-1.2562105655670167},"rotation":{"x":0.07927579432725907,"y":0.8936164975166321,"z":-0.1745578795671463,"w":0.40583673119544985},"size":1.1769102811813355,"orthographic":false}