{"cameraMode":{"drawMode":0,"name":"Shaded","section":"Shading Mode"},"sceneLighting":false,"audioPlay":false,"sceneViewState":{"m_AlwaysRefresh":false,"showFog":true,"showSkybox":false,"showFlares":true,"showImageEffects":true,"showParticleSystems":true,"showVisualEffectGraphs":true,"m_FxEnabled":true},"in2DMode":false,"pivot":{"x":-3.8647661209106447,"y":1.1586610078811646,"z":5.718782424926758},"rotation":{"x":0.05095451697707176,"y":0.11360030621290207,"z":-0.005832974333316088,"w":0.9922060370445252},"size":5.608625411987305,"orthographic":false}