{"cameraMode":{"drawMode":0,"name":"Shaded","section":"Shading Mode"},"sceneLighting":false,"audioPlay":false,"sceneViewState":{"m_AlwaysRefresh":false,"showFog":true,"showSkybox":false,"showFlares":true,"showImageEffects":true,"showParticleSystems":true,"showVisualEffectGraphs":true,"m_FxEnabled":true},"in2DMode":false,"pivot":{"x":0.4703667163848877,"y":2.3804538249969484,"z":0.4703688621520996},"rotation":{"x":0.4168204069137573,"y":0.09191052615642548,"z":-0.04240831732749939,"w":0.9033429026603699},"size":3.2165379524230959,"orthographic":false}