{"cameraMode":{"drawMode":0,"name":"Shaded","section":"Shading Mode"},"sceneLighting":false,"audioPlay":false,"sceneViewState":{"m_AlwaysRefresh":false,"showFog":true,"showSkybox":false,"showFlares":true,"showImageEffects":true,"showParticleSystems":true,"showVisualEffectGraphs":true,"m_FxEnabled":true},"in2DMode":false,"pivot":{"x":-15.600790023803711,"y":1.2770061492919922,"z":0.06911563873291016},"rotation":{"x":0.1967886984348297,"y":-0.3755188584327698,"z":0.08192901313304901,"w":0.901972770690918},"size":15.254363059997559,"orthographic":false}