{"cameraMode":{"drawMode":0,"name":"Shaded","section":"Shading Mode"},"sceneLighting":false,"audioPlay":false,"sceneViewState":{"m_AlwaysRefresh":false,"showFog":true,"showSkybox":false,"showFlares":true,"showImageEffects":true,"showParticleSystems":true,"showVisualEffectGraphs":true,"m_FxEnabled":true},"in2DMode":false,"pivot":{"x":0.20920570194721223,"y":0.19269870221614839,"z":0.39571189880371096},"rotation":{"x":-0.2086624801158905,"y":0.029330169782042505,"z":-0.0062702433206140999,"w":-0.9775437712669373},"size":2.0491600036621095,"orthographic":false}