{"cameraMode":{"drawMode":0,"name":"Shaded","section":"Shading Mode"},"sceneLighting":false,"audioPlay":false,"sceneViewState":{"m_AlwaysRefresh":false,"showFog":true,"showSkybox":false,"showFlares":true,"showImageEffects":true,"showParticleSystems":true,"showVisualEffectGraphs":true,"m_FxEnabled":true},"in2DMode":false,"pivot":{"x":21.333576202392579,"y":0.3000030517578125,"z":47.984169006347659},"rotation":{"x":0.38458970189094546,"y":-0.013849603943526745,"z":0.0057711112312972549,"w":0.9229674935340881},"size":50.7099723815918,"orthographic":false}