{"cameraMode":{"drawMode":0,"name":"Shaded","section":"Shading Mode"},"sceneLighting":false,"audioPlay":false,"sceneViewState":{"m_AlwaysRefresh":false,"showFog":true,"showSkybox":false,"showFlares":true,"showImageEffects":true,"showParticleSystems":true,"showVisualEffectGraphs":true,"m_FxEnabled":true},"in2DMode":false,"pivot":{"x":-0.17706161737442017,"y":0.00001576542854309082,"z":0.00004433095455169678},"rotation":{"x":0.38458970189094546,"y":-0.013849603943526745,"z":0.0057711112312972549,"w":0.9229674935340881},"size":0.2635875344276428,"orthographic":false}