{"cameraMode":{"drawMode":0,"name":"Shaded","section":"Shading Mode"},"sceneLighting":false,"audioPlay":false,"sceneViewState":{"m_AlwaysRefresh":false,"showFog":true,"showSkybox":false,"showFlares":true,"showImageEffects":true,"showParticleSystems":true,"showVisualEffectGraphs":true,"m_FxEnabled":true},"in2DMode":false,"pivot":{"x":0.01995086669921875,"y":3.1101791858673097,"z":0.018578529357910157},"rotation":{"x":0.38458970189094546,"y":-0.013849603943526745,"z":0.0057711112312972549,"w":0.9229674935340881},"size":3.3996500968933107,"orthographic":false}