{"cameraMode":{"drawMode":0,"name":"Shaded","section":"Shading Mode"},"sceneLighting":false,"audioPlay":false,"sceneViewState":{"m_AlwaysRefresh":false,"showFog":true,"showSkybox":false,"showFlares":true,"showImageEffects":true,"showParticleSystems":true,"showVisualEffectGraphs":true,"m_FxEnabled":true},"in2DMode":false,"pivot":{"x":1.0033926963806153,"y":2.700936794281006,"z":-0.5221247673034668},"rotation":{"x":0.07927579432725907,"y":0.8936164975166321,"z":-0.1745578795671463,"w":0.40583673119544985},"size":3.8160505294799806,"orthographic":false}