{"cameraMode":{"drawMode":0,"name":"Shaded","section":"Shading Mode"},"sceneLighting":false,"audioPlay":false,"sceneViewState":{"m_AlwaysRefresh":false,"showFog":true,"showSkybox":false,"showFlares":true,"showImageEffects":true,"showParticleSystems":true,"showVisualEffectGraphs":true,"m_FxEnabled":true},"in2DMode":false,"pivot":{"x":-2.50238037109375,"y":0.6000000238418579,"z":2.980232238769531e-7},"rotation":{"x":-0.2086624801158905,"y":0.029330169782042505,"z":-0.0062702433206140999,"w":-0.9775437712669373},"size":0.9552490711212158,"orthographic":false}