{"cameraMode":{"drawMode":0,"name":"Shaded","section":"Shading Mode"},"sceneLighting":false,"audioPlay":false,"sceneViewState":{"m_AlwaysRefresh":false,"showFog":true,"showSkybox":false,"showFlares":true,"showImageEffects":true,"showParticleSystems":true,"showVisualEffectGraphs":true,"m_FxEnabled":true},"in2DMode":false,"pivot":{"x":-0.03366681933403015,"y":1.0926399230957032,"z":-4.886802673339844},"rotation":{"x":-0.2086624801158905,"y":0.029330169782042505,"z":-0.0062702433206140999,"w":-0.9775437712669373},"size":3.0323293209075929,"orthographic":false}