{"cameraMode":{"drawMode":0,"name":"Shaded","section":"Shading Mode"},"sceneLighting":false,"audioPlay":false,"sceneViewState":{"m_AlwaysRefresh":false,"showFog":true,"showSkybox":false,"showFlares":true,"showImageEffects":true,"showParticleSystems":true,"showVisualEffectGraphs":true,"m_FxEnabled":true},"in2DMode":false,"pivot":{"x":0.036235809326171878,"y":9.380454063415528,"z":36.75664138793945},"rotation":{"x":0.229243665933609,"y":0.008755947463214398,"z":-0.0020619784481823446,"w":0.9733293652534485},"size":53.62859344482422,"orthographic":false}