{"cameraMode":{"drawMode":0,"name":"Shaded","section":"Shading Mode"},"sceneLighting":false,"audioPlay":false,"sceneViewState":{"m_AlwaysRefresh":false,"showFog":true,"showSkybox":false,"showFlares":true,"showImageEffects":true,"showParticleSystems":true,"showVisualEffectGraphs":true,"m_FxEnabled":true},"in2DMode":false,"pivot":{"x":-7.450580596923828e-9,"y":0.5414814352989197,"z":-0.016993112862110139},"rotation":{"x":-0.14767684042453767,"y":0.5931560397148132,"z":-0.11180789023637772,"w":-0.7835125923156738},"size":0.6258748769760132,"orthographic":false}