{"cameraMode":{"drawMode":0,"name":"Shaded","section":"Shading Mode"},"sceneLighting":false,"audioPlay":false,"sceneViewState":{"m_AlwaysRefresh":false,"showFog":true,"showSkybox":false,"showFlares":true,"showImageEffects":true,"showParticleSystems":true,"showVisualEffectGraphs":true,"m_FxEnabled":true},"in2DMode":false,"pivot":{"x":-1.9637641906738282,"y":9.380454063415528,"z":35.99999237060547},"rotation":{"x":0.229243665933609,"y":0.008755947463214398,"z":-0.0020619784481823446,"w":0.9733293652534485},"size":39.88815689086914,"orthographic":false}