{"cameraMode":{"drawMode":0,"name":"Shaded","section":"Shading Mode"},"sceneLighting":false,"audioPlay":false,"sceneViewState":{"m_AlwaysRefresh":false,"showFog":true,"showSkybox":false,"showFlares":true,"showImageEffects":true,"showParticleSystems":true,"showVisualEffectGraphs":true,"m_FxEnabled":true},"in2DMode":false,"pivot":{"x":-0.04163551330566406,"y":10.915976524353028,"z":0.42728233337402346},"rotation":{"x":0.38458970189094546,"y":-0.013849603943526745,"z":0.0057711112312972549,"w":0.9229674935340881},"size":21.52169418334961,"orthographic":false}