{"cameraMode":{"drawMode":0,"name":"Shaded","section":"Shading Mode"},"sceneLighting":false,"audioPlay":false,"sceneViewState":{"m_AlwaysRefresh":false,"showFog":true,"showSkybox":false,"showFlares":true,"showImageEffects":true,"showParticleSystems":true,"showVisualEffectGraphs":true,"m_FxEnabled":true},"in2DMode":false,"pivot":{"x":0.036235809326171878,"y":10.665976524353028,"z":36.000022888183597},"rotation":{"x":0.378917396068573,"y":0.02775270864367485,"z":-0.011369024403393269,"w":0.9249462485313416},"size":28.692764282226564,"orthographic":false}